modifier_key,calculation_mode,amount_basis,default_amount,unit,component_key,applicable_profiles,status
SIZE,SCALE_BASE_RECIPE,SELECTED_VOLUME,,,BASE_RECIPE,HOT_DRINK|MILK_COFFEE|COLD_DRINK|BLENDED_DRINK|MILK_DRINK|TEA_CUP|TEA_MUG|SHAKER,READY
MILK,SUBSTITUTE_COMPONENT,RECIPE_DEFINED,,,MILK_COMPONENT,MILK_COFFEE|HOT_DRINK|TEA_CUP|TEA_MUG,REQUIRES_COMPONENT_LINK
SUGAR,ADD_COMPONENT,FIXED,4,GRAM,SUGAR,ESPRESSO|HOT_DRINK|TEA_CUP|TEA_MUG|TURKISH_COFFEE,REQUIRES_COMPONENT_LINK
SYRUP,ADD_COMPONENT,FIXED,10,MILLILITER,SYRUP,MILK_COFFEE|HOT_DRINK|COLD_DRINK|BLENDED_DRINK,REQUIRES_COMPONENT_LINK
EXTRA_SHOT,ADD_COMPONENT,FIXED,30,MILLILITER,ESPRESSO_SHOT,HOT_DRINK|MILK_COFFEE|BLENDED_DRINK,REQUIRES_COMPONENT_LINK
WHIPPED_CREAM,ADD_COMPONENT,FIXED,20,GRAM,WHIPPED_CREAM,MILK_COFFEE|HOT_DRINK|BLENDED_DRINK,REQUIRES_COMPONENT_LINK
CREAM,ADD_COMPONENT,FIXED,15,MILLILITER,CREAM,HOT_DRINK|MILK_COFFEE,REQUIRES_COMPONENT_LINK
SWEETENER,ADD_COMPONENT,USER_SELECTED,,,SWEETENER,HOT_DRINK|TEA_CUP|TEA_MUG|TURKISH_COFFEE|MILK_DRINK,REQUIRES_COMPONENT_LINK
ICE,VOLUME_ONLY,USER_SELECTED,,,ICE,COLD_DRINK|BLENDED_DRINK,READY
ABV,PRODUCT_ATTRIBUTE,PRODUCT_DEFINED,,,ALCOHOL,ALCOHOL_VOLUME|WINE_GLASS|COCKTAIL_GLASS|SPIRIT_MEASURE,REQUIRES_PRODUCT_EVIDENCE
AVOCADO,ADD_COMPONENT,RECIPE_DEFINED,,,AVOCADO,BOWL|TOAST_PORTION,REQUIRES_COMPONENT_LINK
BEANS,ADD_COMPONENT,RECIPE_DEFINED,,,BEANS,PLATE|TOAST_PORTION,REQUIRES_COMPONENT_LINK
BOWL_SIZE,SCALE_BASE_RECIPE,SELECTED_PORTION,,,BASE_RECIPE,BOWL,READY
BREAD,SUBSTITUTE_COMPONENT,RECIPE_DEFINED,,,BREAD,SANDWICH|TOAST_PORTION,REQUIRES_COMPONENT_LINK
BREAKFAST_COMPONENTS,RECIPE_VARIANT,RECIPE_DEFINED,,,BREAKFAST_COMPONENTS,PLATE,REQUIRES_RECIPE_VARIANT
BUN,SUBSTITUTE_COMPONENT,RECIPE_DEFINED,,,BUN,BURGER,REQUIRES_COMPONENT_LINK
BUTTER,ADD_COMPONENT,RECIPE_DEFINED,,,BUTTER,TOAST_PORTION|PIECE|ROLL,REQUIRES_COMPONENT_LINK
CHEESE,ADD_COMPONENT,RECIPE_DEFINED,,,CHEESE,BURGER|SANDWICH|WRAP|TOAST_PORTION,REQUIRES_COMPONENT_LINK
CHICKEN,SUBSTITUTE_COMPONENT,RECIPE_DEFINED,,,CHICKEN,SANDWICH|WRAP|BOWL,REQUIRES_COMPONENT_LINK
CHICKPEAS,ADD_COMPONENT,RECIPE_DEFINED,,,CHICKPEAS,BOWL|PLATE,REQUIRES_COMPONENT_LINK
CHIPS_SIZE,SCALE_BASE_RECIPE,SELECTED_PORTION,,,BASE_RECIPE,PORTION,READY
CINNAMON,ADD_COMPONENT,RECIPE_DEFINED,,,CINNAMON,HOT_DRINK|BOWL,REQUIRES_COMPONENT_LINK
COOKING_FAT,SUBSTITUTE_COMPONENT,RECIPE_DEFINED,,,COOKING_FAT,SKILLET_PORTION|EGG_PORTION,REQUIRES_COMPONENT_LINK
CREAM_CHEESE,ADD_COMPONENT,RECIPE_DEFINED,,,CREAM_CHEESE,TOAST_PORTION|PIECE,REQUIRES_COMPONENT_LINK
CROUTONS,ADD_COMPONENT,RECIPE_DEFINED,,,CROUTONS,BOWL,REQUIRES_COMPONENT_LINK
DILUTION,RECIPE_RATIO,RECIPE_DEFINED,,,WATER,COLD_DRINK|HOT_DRINK,REQUIRES_RECIPE_VARIANT
DOUBLE,SCALE_BASE_RECIPE,FIXED,2,PORTION,BASE_RECIPE,BURGER|SANDWICH|WRAP,READY
DRESSING,ADD_COMPONENT,RECIPE_DEFINED,,,DRESSING,BOWL|PLATE|WRAP,REQUIRES_COMPONENT_LINK
EGG,ADD_COMPONENT,RECIPE_DEFINED,,,EGG,SANDWICH|TOAST_PORTION|BOWL,REQUIRES_COMPONENT_LINK
EGG_COUNT,SCALE_COMPONENT,USER_SELECTED,,,EGG,EGG_PORTION|PLATE,REQUIRES_COMPONENT_LINK
FILLING,RECIPE_VARIANT,RECIPE_DEFINED,,,FILLING,PIECE|ROLL|SANDWICH|WRAP,REQUIRES_RECIPE_VARIANT
FISH_SIZE,SCALE_COMPONENT,SELECTED_PORTION,,,FISH,PLATE|PORTION,REQUIRES_COMPONENT_LINK
GIN,ADD_COMPONENT,RECIPE_DEFINED,,,GIN,COCKTAIL_GLASS,REQUIRES_COMPONENT_LINK
ICE_CREAM,ADD_COMPONENT,RECIPE_DEFINED,,,ICE_CREAM,DESSERT_CUP|BLENDED_DRINK,REQUIRES_COMPONENT_LINK
ICING,ADD_COMPONENT,RECIPE_DEFINED,,,ICING,PIECE|SLICE,REQUIRES_COMPONENT_LINK
JAM,ADD_COMPONENT,RECIPE_DEFINED,,,JAM,TOAST_PORTION|PIECE,REQUIRES_COMPONENT_LINK
LEMON,ADD_COMPONENT,RECIPE_DEFINED,,,LEMON,HOT_DRINK|TEA_CUP|TEA_MUG|COLD_DRINK,REQUIRES_COMPONENT_LINK
LIQUID_BASE,SUBSTITUTE_COMPONENT,RECIPE_DEFINED,,,LIQUID_BASE,SHAKER|BLENDED_DRINK,REQUIRES_COMPONENT_LINK
MEAT,SUBSTITUTE_COMPONENT,RECIPE_DEFINED,,,MEAT,BURGER|SANDWICH|WRAP|BOWL|PLATE,REQUIRES_COMPONENT_LINK
MIXER,ADD_COMPONENT,RECIPE_DEFINED,,,MIXER,COCKTAIL_GLASS|SPIRIT_MEASURE,REQUIRES_COMPONENT_LINK
NONE,NO_MODIFIER,NONE,,,NONE,,READY
OIL,ADD_COMPONENT,RECIPE_DEFINED,,,OIL,BOWL|PLATE|SKILLET_PORTION,REQUIRES_COMPONENT_LINK
PATTY,SUBSTITUTE_COMPONENT,RECIPE_DEFINED,,,PATTY,BURGER,REQUIRES_COMPONENT_LINK
PIECE_COUNT,SCALE_BASE_RECIPE,USER_SELECTED,,,BASE_RECIPE,PIECE_COUNT,READY
PORTION_SIZE,SCALE_BASE_RECIPE,SELECTED_PORTION,,,BASE_RECIPE,PORTION|PLATE|BOWL,READY
PROTEIN_SCOOP,ADD_COMPONENT,USER_SELECTED,,,PROTEIN_POWDER,SHAKER|BLENDED_DRINK,REQUIRES_COMPONENT_LINK
RUM,ADD_COMPONENT,RECIPE_DEFINED,,,RUM,COCKTAIL_GLASS,REQUIRES_COMPONENT_LINK
SALT,ADD_COMPONENT,USER_SELECTED,,,SALT,BOWL|PLATE|PORTION,REQUIRES_COMPONENT_LINK
SAUCE,ADD_COMPONENT,RECIPE_DEFINED,,,SAUCE,BURGER|SANDWICH|WRAP|BOWL|PLATE,REQUIRES_COMPONENT_LINK
SHOT_SIZE,SCALE_BASE_RECIPE,SELECTED_VOLUME,,,BASE_RECIPE,ESPRESSO|TURKISH_COFFEE,READY
SLICE_COUNT,SCALE_BASE_RECIPE,USER_SELECTED,,,BASE_RECIPE,SLICE_COUNT,READY
SLICE_SIZE,SCALE_BASE_RECIPE,SELECTED_PORTION,,,BASE_RECIPE,SLICE,READY
SPICE_LEVEL,RECIPE_VARIANT,RECIPE_DEFINED,,,SPICE,BOWL|PLATE|WRAP,REQUIRES_RECIPE_VARIANT
SUGAR_LEVEL,ADD_COMPONENT,USER_SELECTED,,,SUGAR,TURKISH_COFFEE|HOT_DRINK|TEA_CUP|TEA_MUG,REQUIRES_COMPONENT_LINK
TEQUILA,ADD_COMPONENT,RECIPE_DEFINED,,,TEQUILA,COCKTAIL_GLASS,REQUIRES_COMPONENT_LINK
TONIC,ADD_COMPONENT,RECIPE_DEFINED,,,TONIC,COCKTAIL_GLASS|SPIRIT_MEASURE,REQUIRES_COMPONENT_LINK
TOPPING,ADD_COMPONENT,RECIPE_DEFINED,,,TOPPING,BOWL|PIECE|SLICE|DESSERT_CUP,REQUIRES_COMPONENT_LINK
TUNA,ADD_COMPONENT,RECIPE_DEFINED,,,TUNA,SANDWICH|WRAP|BOWL,REQUIRES_COMPONENT_LINK
WATER,RECIPE_RATIO,RECIPE_DEFINED,,,WATER,HOT_DRINK|COLD_DRINK|TEA_CUP|TEA_MUG,REQUIRES_RECIPE_VARIANT
WHISKEY,ADD_COMPONENT,RECIPE_DEFINED,,,WHISKEY,COCKTAIL_GLASS|SPIRIT_MEASURE,REQUIRES_COMPONENT_LINK
WRAP_SIZE,SCALE_BASE_RECIPE,SELECTED_PORTION,,,BASE_RECIPE,WRAP,READY
YOGURT,ADD_COMPONENT,RECIPE_DEFINED,,,YOGURT,BOWL|BLENDED_DRINK,REQUIRES_COMPONENT_LINK
