item_key,category,display_name_en,display_name_tr,market_scope,portion_profile,variant_policy,priority,status
espresso,COFFEE,Espresso,Espresso,BOTH,ESPRESSO,SHOT_SIZE,P0,PLANNED_RESEARCH
americano,COFFEE,Americano,Americano,BOTH,HOT_DRINK,SIZE|EXTRA_SHOT,P0,PLANNED_RESEARCH
filter_coffee,COFFEE,Filter Coffee,Filtre Kahve,BOTH,HOT_DRINK,SIZE|MILK|SUGAR,P0,PLANNED_RESEARCH
instant_coffee,COFFEE,Instant Coffee,Hazır Kahve,BOTH,HOT_DRINK,SIZE|MILK|SUGAR,P1,PLANNED_RESEARCH
latte,COFFEE,Caffe Latte,Caffe Latte,BOTH,MILK_COFFEE,SIZE|MILK|SYRUP|EXTRA_SHOT,P0,PLANNED_RESEARCH
cappuccino,COFFEE,Cappuccino,Cappuccino,BOTH,MILK_COFFEE,SIZE|MILK|EXTRA_SHOT,P0,PLANNED_RESEARCH
flat_white,COFFEE,Flat White,Flat White,BOTH,MILK_COFFEE,MILK|EXTRA_SHOT,P0,PLANNED_RESEARCH
cortado,COFFEE,Cortado,Cortado,BOTH,MILK_COFFEE,MILK|EXTRA_SHOT,P1,PLANNED_RESEARCH
espresso_macchiato,COFFEE,Espresso Macchiato,Espresso Macchiato,BOTH,ESPRESSO,MILK|EXTRA_SHOT,P1,PLANNED_RESEARCH
latte_macchiato,COFFEE,Latte Macchiato,Latte Macchiato,BOTH,MILK_COFFEE,SIZE|MILK|SYRUP,P1,PLANNED_RESEARCH
mocha,COFFEE,Mocha,Mocha,BOTH,MILK_COFFEE,SIZE|MILK|SYRUP|WHIPPED_CREAM,P0,PLANNED_RESEARCH
white_mocha,COFFEE,White Chocolate Mocha,Beyaz Çikolatalı Mocha,BOTH,MILK_COFFEE,SIZE|MILK|SYRUP|WHIPPED_CREAM,P1,PLANNED_RESEARCH
cold_brew,COFFEE,Cold Brew,Cold Brew,BOTH,COLD_DRINK,SIZE|MILK|SYRUP,P0,PLANNED_RESEARCH
iced_americano,COFFEE,Iced Americano,Buzlu Americano,BOTH,COLD_DRINK,SIZE|EXTRA_SHOT|SYRUP,P0,PLANNED_RESEARCH
iced_latte,COFFEE,Iced Latte,Buzlu Latte,BOTH,COLD_DRINK,SIZE|MILK|SYRUP|EXTRA_SHOT,P0,PLANNED_RESEARCH
iced_mocha,COFFEE,Iced Mocha,Buzlu Mocha,BOTH,COLD_DRINK,SIZE|MILK|SYRUP|WHIPPED_CREAM,P1,PLANNED_RESEARCH
coffee_frappe,COFFEE,Coffee Frappe,Kahveli Frappe,BOTH,BLENDED_DRINK,SIZE|MILK|SYRUP|WHIPPED_CREAM,P1,PLANNED_RESEARCH
coffee_with_milk,COFFEE,Coffee with Milk,Sütlü Kahve,BOTH,MILK_COFFEE,SIZE|MILK|SUGAR,P0,PLANNED_RESEARCH
turkish_coffee,COFFEE,Turkish Coffee,Türk Kahvesi,TR,TURKISH_COFFEE,SUGAR_LEVEL|DOUBLE,P0,PLANNED_RESEARCH
menengic_coffee,COFFEE,Menengic Coffee,Menengiç Kahvesi,TR,TURKISH_COFFEE,MILK|SUGAR_LEVEL,P1,PLANNED_RESEARCH
dibek_coffee,COFFEE,Dibek Coffee,Dibek Kahvesi,TR,TURKISH_COFFEE,MILK|SUGAR_LEVEL,P1,PLANNED_RESEARCH
irish_coffee,COFFEE,Irish Coffee,İrlanda Kahvesi,UK_IE,COCKTAIL_GLASS,CREAM|WHISKEY,P1,PLANNED_RESEARCH
affogato,COFFEE,Affogato,Affogato,BOTH,DESSERT_CUP,EXTRA_SHOT|ICE_CREAM,P2,PLANNED_RESEARCH
caramel_latte,COFFEE,Caramel Latte,Karamelli Latte,BOTH,MILK_COFFEE,SIZE|MILK|SYRUP|EXTRA_SHOT,P1,PLANNED_RESEARCH
vanilla_latte,COFFEE,Vanilla Latte,Vanilyalı Latte,BOTH,MILK_COFFEE,SIZE|MILK|SYRUP|EXTRA_SHOT,P1,PLANNED_RESEARCH
hazelnut_latte,COFFEE,Hazelnut Latte,Fındık Aromalı Latte,BOTH,MILK_COFFEE,SIZE|MILK|SYRUP|EXTRA_SHOT,P1,PLANNED_RESEARCH
pumpkin_spice_latte,COFFEE,Pumpkin Spice Latte,Balkabağı Baharatlı Latte,BOTH,MILK_COFFEE,SIZE|MILK|SYRUP|WHIPPED_CREAM,P2,PLANNED_RESEARCH
salted_caramel_latte,COFFEE,Salted Caramel Latte,Tuzlu Karamelli Latte,BOTH,MILK_COFFEE,SIZE|MILK|SYRUP|WHIPPED_CREAM,P2,PLANNED_RESEARCH
coffee_cream,COFFEE,Coffee with Cream,Kremalı Kahve,UK_IE,HOT_DRINK,SIZE|CREAM|SUGAR,P2,PLANNED_RESEARCH
black_tea,HOT_DRINK,Black Tea,Siyah Çay,BOTH,TEA_CUP,SIZE|SUGAR|LEMON,P0,PLANNED_RESEARCH
turkish_tea,HOT_DRINK,Turkish Tea,Türk Çayı,TR,TURKISH_TEA_GLASS,SUGAR,P0,PLANNED_RESEARCH
tea_with_milk,HOT_DRINK,Tea with Milk,Sütlü Çay,UK_IE,TEA_MUG,SIZE|MILK|SUGAR,P0,PLANNED_RESEARCH
earl_grey_tea,HOT_DRINK,Earl Grey Tea,Earl Grey Çayı,BOTH,TEA_MUG,SIZE|MILK|SUGAR|LEMON,P1,PLANNED_RESEARCH
english_breakfast_tea,HOT_DRINK,English Breakfast Tea,English Breakfast Çayı,UK_IE,TEA_MUG,SIZE|MILK|SUGAR,P0,PLANNED_RESEARCH
irish_breakfast_tea,HOT_DRINK,Irish Breakfast Tea,Irish Breakfast Çayı,UK_IE,TEA_MUG,SIZE|MILK|SUGAR,P0,PLANNED_RESEARCH
green_tea,HOT_DRINK,Green Tea,Yeşil Çay,BOTH,TEA_CUP,SIZE|SUGAR|LEMON,P0,PLANNED_RESEARCH
peppermint_tea,HOT_DRINK,Peppermint Tea,Nane Çayı,BOTH,TEA_CUP,SIZE|SUGAR|LEMON,P1,PLANNED_RESEARCH
chamomile_tea,HOT_DRINK,Chamomile Tea,Papatya Çayı,BOTH,TEA_CUP,SIZE|SUGAR|LEMON,P1,PLANNED_RESEARCH
herbal_tea,HOT_DRINK,Herbal Tea,Bitki Çayı,BOTH,TEA_CUP,SIZE|SUGAR|LEMON,P1,PLANNED_RESEARCH
fruit_tea,HOT_DRINK,Fruit Tea,Meyve Çayı,BOTH,TEA_CUP,SIZE|SUGAR,P1,PLANNED_RESEARCH
masala_chai,HOT_DRINK,Masala Chai,Masala Chai,BOTH,TEA_MUG,SIZE|MILK|SUGAR,P1,PLANNED_RESEARCH
chai_latte,HOT_DRINK,Chai Latte,Chai Latte,BOTH,MILK_DRINK,SIZE|MILK|SYRUP,P0,PLANNED_RESEARCH
matcha_tea,HOT_DRINK,Matcha Tea,Matcha Çayı,BOTH,TEA_CUP,SIZE|SUGAR,P1,PLANNED_RESEARCH
matcha_latte,HOT_DRINK,Matcha Latte,Matcha Latte,BOTH,MILK_DRINK,SIZE|MILK|SYRUP,P0,PLANNED_RESEARCH
iced_tea,HOT_DRINK,Iced Tea,Buzlu Çay,BOTH,COLD_DRINK,SIZE|SUGAR,P0,PLANNED_RESEARCH
lemon_iced_tea,HOT_DRINK,Lemon Iced Tea,Limonlu Buzlu Çay,BOTH,COLD_DRINK,SIZE|SUGAR,P1,PLANNED_RESEARCH
peach_iced_tea,HOT_DRINK,Peach Iced Tea,Şeftalili Buzlu Çay,BOTH,COLD_DRINK,SIZE|SUGAR,P1,PLANNED_RESEARCH
salep,HOT_DRINK,Salep,Salep,TR,HOT_DRINK,SIZE|MILK|SUGAR|CINNAMON,P0,PLANNED_RESEARCH
hot_chocolate,HOT_DRINK,Hot Chocolate,Sıcak Çikolata,BOTH,MILK_DRINK,SIZE|MILK|WHIPPED_CREAM,P0,PLANNED_RESEARCH
still_water,COLD_DRINK,Still Water,Su,BOTH,COLD_DRINK,SIZE,P0,PLANNED_RESEARCH
sparkling_water,COLD_DRINK,Sparkling Water,Maden Suyu,BOTH,COLD_DRINK,SIZE,P0,PLANNED_RESEARCH
lemonade,COLD_DRINK,Lemonade,Limonata,BOTH,COLD_DRINK,SIZE|SUGAR,P0,PLANNED_RESEARCH
ayran,COLD_DRINK,Ayran,Ayran,TR,COLD_DRINK,SIZE|SALT,P0,PLANNED_RESEARCH
drinkable_kefir,COLD_DRINK,Drinkable Kefir,Kefir,BOTH,COLD_DRINK,SIZE,P1,PLANNED_RESEARCH
boza,COLD_DRINK,Boza,Boza,TR,COLD_DRINK,SIZE|CINNAMON|CHICKPEAS,P1,PLANNED_RESEARCH
salgam,COLD_DRINK,Turnip Juice,Şalgam Suyu,TR,COLD_DRINK,SIZE|SPICE_LEVEL,P1,PLANNED_RESEARCH
orange_juice,COLD_DRINK,Orange Juice,Portakal Suyu,BOTH,COLD_DRINK,SIZE,P0,PLANNED_RESEARCH
apple_juice,COLD_DRINK,Apple Juice,Elma Suyu,BOTH,COLD_DRINK,SIZE,P1,PLANNED_RESEARCH
mixed_fruit_juice,COLD_DRINK,Mixed Fruit Juice,Karışık Meyve Suyu,BOTH,COLD_DRINK,SIZE,P1,PLANNED_RESEARCH
berry_smoothie,COLD_DRINK,Berry Smoothie,Orman Meyveli Smoothie,BOTH,BLENDED_DRINK,SIZE|MILK|SWEETENER,P0,PLANNED_RESEARCH
banana_smoothie,COLD_DRINK,Banana Smoothie,Muzlu Smoothie,BOTH,BLENDED_DRINK,SIZE|MILK|SWEETENER,P0,PLANNED_RESEARCH
green_smoothie,COLD_DRINK,Green Smoothie,Yeşil Smoothie,BOTH,BLENDED_DRINK,SIZE|LIQUID_BASE|SWEETENER,P1,PLANNED_RESEARCH
protein_shake_water,COLD_DRINK,Protein Shake with Water,Suyla Protein Shake,BOTH,SHAKER,SIZE|PROTEIN_SCOOP,P0,PLANNED_RESEARCH
protein_shake_milk,COLD_DRINK,Protein Shake with Milk,Sütlü Protein Shake,BOTH,SHAKER,SIZE|MILK|PROTEIN_SCOOP,P0,PLANNED_RESEARCH
vanilla_milkshake,COLD_DRINK,Vanilla Milkshake,Vanilyalı Milkshake,BOTH,BLENDED_DRINK,SIZE|MILK|WHIPPED_CREAM,P1,PLANNED_RESEARCH
chocolate_milkshake,COLD_DRINK,Chocolate Milkshake,Çikolatalı Milkshake,BOTH,BLENDED_DRINK,SIZE|MILK|WHIPPED_CREAM,P1,PLANNED_RESEARCH
strawberry_milkshake,COLD_DRINK,Strawberry Milkshake,Çilekli Milkshake,BOTH,BLENDED_DRINK,SIZE|MILK|WHIPPED_CREAM,P1,PLANNED_RESEARCH
iced_chocolate,COLD_DRINK,Iced Chocolate,Buzlu Çikolata,BOTH,COLD_DRINK,SIZE|MILK|WHIPPED_CREAM,P2,PLANNED_RESEARCH
fruit_squash,COLD_DRINK,Fruit Squash,Meyve Aromalı İçecek,UK_IE,COLD_DRINK,SIZE|DILUTION,P2,PLANNED_RESEARCH
porridge,BREAKFAST,Porridge,Yulaf Lapası,UK_IE,BOWL,MILK|TOPPING|SWEETENER,P0,PLANNED_RESEARCH
oatmeal,BREAKFAST,Oatmeal,Yulaf Ezmesi,BOTH,BOWL,MILK|TOPPING|SWEETENER,P0,PLANNED_RESEARCH
overnight_oats,BREAKFAST,Overnight Oats,Bekletilmiş Yulaf,BOTH,BOWL,MILK|TOPPING|SWEETENER,P1,PLANNED_RESEARCH
granola_yogurt,BREAKFAST,Granola with Yogurt,Granola ve Yoğurt,BOTH,BOWL,YOGURT|TOPPING|SWEETENER,P0,PLANNED_RESEARCH
muesli_milk,BREAKFAST,Muesli with Milk,Sütlü Müsli,BOTH,BOWL,MILK|PORTION_SIZE,P1,PLANNED_RESEARCH
cereal_milk,BREAKFAST,Cereal with Milk,Sütlü Kahvaltılık Gevrek,BOTH,BOWL,MILK|PORTION_SIZE,P0,PLANNED_RESEARCH
scrambled_eggs,BREAKFAST,Scrambled Eggs,Çırpılmış Yumurta,BOTH,EGG_PORTION,EGG_COUNT|BUTTER|MILK,P0,PLANNED_RESEARCH
fried_eggs,BREAKFAST,Fried Eggs,Sahanda Yumurta,BOTH,EGG_PORTION,EGG_COUNT|COOKING_FAT,P0,PLANNED_RESEARCH
poached_eggs,BREAKFAST,Poached Eggs,Poşe Yumurta,BOTH,EGG_PORTION,EGG_COUNT,P1,PLANNED_RESEARCH
boiled_eggs,BREAKFAST,Boiled Eggs,Haşlanmış Yumurta,BOTH,EGG_PORTION,EGG_COUNT,P0,PLANNED_RESEARCH
plain_omelette,BREAKFAST,Plain Omelette,Sade Omlet,BOTH,EGG_PORTION,EGG_COUNT|COOKING_FAT,P0,PLANNED_RESEARCH
cheese_omelette,BREAKFAST,Cheese Omelette,Peynirli Omlet,BOTH,EGG_PORTION,EGG_COUNT|CHEESE|COOKING_FAT,P0,PLANNED_RESEARCH
mushroom_omelette,BREAKFAST,Mushroom Omelette,Mantarlı Omlet,BOTH,EGG_PORTION,EGG_COUNT|CHEESE|COOKING_FAT,P1,PLANNED_RESEARCH
menemen,BREAKFAST,Menemen,Menemen,TR,SKILLET_PORTION,EGG_COUNT|CHEESE|COOKING_FAT,P0,PLANNED_RESEARCH
cilbir,BREAKFAST,Turkish Poached Eggs with Yogurt,Çılbır,TR,BOWL,EGG_COUNT|YOGURT|BUTTER,P1,PLANNED_RESEARCH
avocado_toast,BREAKFAST,Avocado Toast,Avokadolu Tost,BOTH,TOAST_PORTION,BREAD|AVOCADO|EGG,P0,PLANNED_RESEARCH
cheese_toast,BREAKFAST,Cheese Toastie,Peynirli Tost,BOTH,TOAST_PORTION,BREAD|CHEESE|BUTTER,P0,PLANNED_RESEARCH
ham_cheese_toast,BREAKFAST,Ham and Cheese Toastie,Jambonlu Peynirli Tost,UK_IE,TOAST_PORTION,BREAD|MEAT|CHEESE|BUTTER,P0,PLANNED_RESEARCH
sucuk_cheese_toast,BREAKFAST,Sucuk and Cheese Toast,Sucuklu Kaşarlı Tost,TR,TOAST_PORTION,BREAD|MEAT|CHEESE|BUTTER,P0,PLANNED_RESEARCH
beans_on_toast,BREAKFAST,Beans on Toast,Fasulyeli Tost Ekmeği,UK_IE,TOAST_PORTION,BREAD|BEANS|BUTTER,P0,PLANNED_RESEARCH
full_english_breakfast,BREAKFAST,Full English Breakfast,İngiliz Kahvaltısı,UK_IE,PLATE,BREAKFAST_COMPONENTS,P1,PLANNED_RESEARCH
full_irish_breakfast,BREAKFAST,Full Irish Breakfast,İrlanda Kahvaltısı,UK_IE,PLATE,BREAKFAST_COMPONENTS,P0,PLANNED_RESEARCH
turkish_breakfast_plate,BREAKFAST,Turkish Breakfast Plate,Türk Kahvaltı Tabağı,TR,PLATE,BREAKFAST_COMPONENTS,P0,PLANNED_RESEARCH
pancakes,BREAKFAST,Pancakes,Pankek,BOTH,STACK,PIECE_COUNT|TOPPING|SYRUP,P0,PLANNED_RESEARCH
waffle,BREAKFAST,Waffle,Waffle,BOTH,PIECE,TOPPING|SYRUP|CREAM,P1,PLANNED_RESEARCH
french_toast,BREAKFAST,French Toast,Yumurtalı Tatlı Ekmek,BOTH,SLICE_COUNT,TOPPING|SYRUP|BUTTER,P1,PLANNED_RESEARCH
simit_breakfast,BREAKFAST,Simit with Cheese,Peynirli Simit,TR,PIECE,CHEESE|PORTION_SIZE,P0,PLANNED_RESEARCH
breakfast_roll,BREAKFAST,Breakfast Roll,Kahvaltılık Sandviç,UK_IE,ROLL,BREAKFAST_COMPONENTS,P0,PLANNED_RESEARCH
breakfast_bap,BREAKFAST,Breakfast Bap,Kahvaltılık Bap,UK_IE,ROLL,BREAKFAST_COMPONENTS,P1,PLANNED_RESEARCH
egg_sandwich,BREAKFAST,Egg Sandwich,Yumurtalı Sandviç,BOTH,SANDWICH,BREAD|EGG_COUNT|SAUCE,P1,PLANNED_RESEARCH
bacon_sandwich,BREAKFAST,Bacon Sandwich,Bacon Sandviç,UK_IE,SANDWICH,BREAD|MEAT|SAUCE,P1,PLANNED_RESEARCH
sausage_sandwich,BREAKFAST,Sausage Sandwich,Sosisli Kahvaltı Sandviçi,UK_IE,SANDWICH,BREAD|MEAT|SAUCE,P1,PLANNED_RESEARCH
chia_pudding,BREAKFAST,Chia Pudding,Chia Pudingi,BOTH,BOWL,MILK|TOPPING|SWEETENER,P2,PLANNED_RESEARCH
fruit_yogurt_bowl,BREAKFAST,Fruit and Yogurt Bowl,Meyveli Yoğurt Kasesi,BOTH,BOWL,YOGURT|TOPPING|SWEETENER,P1,PLANNED_RESEARCH
croissant,BAKERY,Croissant,Kruvasan,BOTH,PIECE,FILLING,P0,PLANNED_RESEARCH
pain_au_chocolat,BAKERY,Pain au Chocolat,Çikolatalı Kruvasan,BOTH,PIECE,NONE,P1,PLANNED_RESEARCH
plain_scone,BAKERY,Plain Scone,Sade Scone,UK_IE,PIECE,BUTTER|JAM|CREAM,P0,PLANNED_RESEARCH
fruit_scone,BAKERY,Fruit Scone,Meyveli Scone,UK_IE,PIECE,BUTTER|JAM|CREAM,P1,PLANNED_RESEARCH
blueberry_muffin,BAKERY,Blueberry Muffin,Yaban Mersinli Muffin,BOTH,PIECE,SIZE,P1,PLANNED_RESEARCH
chocolate_muffin,BAKERY,Chocolate Muffin,Çikolatalı Muffin,BOTH,PIECE,SIZE,P1,PLANNED_RESEARCH
chocolate_chip_cookie,BAKERY,Chocolate Chip Cookie,Çikolata Parçalı Kurabiye,BOTH,PIECE,SIZE,P1,PLANNED_RESEARCH
oat_cookie,BAKERY,Oat Cookie,Yulaflı Kurabiye,BOTH,PIECE,SIZE,P2,PLANNED_RESEARCH
brownie,BAKERY,Chocolate Brownie,Çikolatalı Brownie,BOTH,PIECE,SIZE|TOPPING,P0,PLANNED_RESEARCH
cinnamon_roll,BAKERY,Cinnamon Roll,Tarçınlı Çörek,BOTH,PIECE,SIZE|ICING,P1,PLANNED_RESEARCH
banana_bread,BAKERY,Banana Bread,Muzlu Ekmek,BOTH,SLICE,SLICE_SIZE|TOPPING,P1,PLANNED_RESEARCH
carrot_cake,BAKERY,Carrot Cake,Havuçlu Kek,BOTH,SLICE,SLICE_SIZE|ICING,P1,PLANNED_RESEARCH
cheesecake,BAKERY,Cheesecake,Cheesecake,BOTH,SLICE,SLICE_SIZE|TOPPING,P1,PLANNED_RESEARCH
lemon_drizzle_cake,BAKERY,Lemon Drizzle Cake,Limonlu Kek,UK_IE,SLICE,SLICE_SIZE,P1,PLANNED_RESEARCH
victoria_sponge,BAKERY,Victoria Sponge,Victoria Pandispanyası,UK_IE,SLICE,SLICE_SIZE,P2,PLANNED_RESEARCH
apple_tart,BAKERY,Apple Tart,Elmalı Turta,UK_IE,SLICE,SLICE_SIZE|CREAM,P1,PLANNED_RESEARCH
apple_pie,BAKERY,Apple Pie,Elmalı Pay,BOTH,SLICE,SLICE_SIZE|ICE_CREAM|CREAM,P1,PLANNED_RESEARCH
sausage_roll,BAKERY,Sausage Roll,Sosisli Milföy,UK_IE,PIECE,SIZE,P0,PLANNED_RESEARCH
steak_bake,BAKERY,Steak Bake,Etli Milföy,UK_IE,PIECE,SIZE,P1,PLANNED_RESEARCH
cheese_pasty,BAKERY,Cheese Pasty,Peynirli Pasty,UK_IE,PIECE,SIZE,P1,PLANNED_RESEARCH
bagel_plain,BAKERY,Plain Bagel,Sade Bagel,BOTH,PIECE,TOPPING,P1,PLANNED_RESEARCH
bagel_cream_cheese,BAKERY,Bagel with Cream Cheese,Krem Peynirli Bagel,BOTH,PIECE,CREAM_CHEESE|TOPPING,P1,PLANNED_RESEARCH
simit,BAKERY,Simit,Simit,TR,PIECE,SIZE,P0,PLANNED_RESEARCH
pogaca_cheese,BAKERY,Cheese Pogaca,Peynirli Poğaça,TR,PIECE,SIZE,P0,PLANNED_RESEARCH
pogaca_olive,BAKERY,Olive Pogaca,Zeytinli Poğaça,TR,PIECE,SIZE,P1,PLANNED_RESEARCH
acma,BAKERY,Turkish Acma,Açma,TR,PIECE,SIZE,P0,PLANNED_RESEARCH
borek_cheese,BAKERY,Cheese Borek,Peynirli Börek,TR,PORTION,PORTION_SIZE,P0,PLANNED_RESEARCH
borek_spinach,BAKERY,Spinach Borek,Ispanaklı Börek,TR,PORTION,PORTION_SIZE,P1,PLANNED_RESEARCH
su_boregi,BAKERY,Su Boregi,Su Böreği,TR,PORTION,PORTION_SIZE,P0,PLANNED_RESEARCH
gozleme_cheese,BAKERY,Cheese Gozleme,Peynirli Gözleme,TR,PIECE,PORTION_SIZE,P1,PLANNED_RESEARCH
ham_cheese_sandwich,LIGHT_MEAL,Ham and Cheese Sandwich,Jambonlu Peynirli Sandviç,UK_IE,SANDWICH,BREAD|MEAT|CHEESE|SAUCE,P0,PLANNED_RESEARCH
chicken_sandwich,LIGHT_MEAL,Chicken Sandwich,Tavuklu Sandviç,BOTH,SANDWICH,BREAD|CHICKEN|SAUCE,P0,PLANNED_RESEARCH
tuna_sandwich,LIGHT_MEAL,Tuna Sandwich,Ton Balıklı Sandviç,BOTH,SANDWICH,BREAD|TUNA|SAUCE,P0,PLANNED_RESEARCH
egg_mayo_sandwich,LIGHT_MEAL,Egg Mayonnaise Sandwich,Yumurta Mayonezli Sandviç,UK_IE,SANDWICH,BREAD|EGG_COUNT|SAUCE,P1,PLANNED_RESEARCH
cheese_sandwich,LIGHT_MEAL,Cheese Sandwich,Peynirli Sandviç,BOTH,SANDWICH,BREAD|CHEESE|SAUCE,P1,PLANNED_RESEARCH
blt_sandwich,LIGHT_MEAL,BLT Sandwich,BLT Sandviç,UK_IE,SANDWICH,BREAD|MEAT|SAUCE,P1,PLANNED_RESEARCH
club_sandwich,LIGHT_MEAL,Club Sandwich,Club Sandviç,BOTH,SANDWICH,BREAD|CHICKEN|MEAT|SAUCE,P1,PLANNED_RESEARCH
falafel_wrap,LIGHT_MEAL,Falafel Wrap,Falafel Dürüm,BOTH,WRAP,WRAP_SIZE|SAUCE,P0,PLANNED_RESEARCH
chicken_wrap,LIGHT_MEAL,Chicken Wrap,Tavuklu Dürüm,BOTH,WRAP,WRAP_SIZE|CHICKEN|SAUCE,P0,PLANNED_RESEARCH
tuna_wrap,LIGHT_MEAL,Tuna Wrap,Ton Balıklı Dürüm,BOTH,WRAP,WRAP_SIZE|TUNA|SAUCE,P1,PLANNED_RESEARCH
caesar_salad,LIGHT_MEAL,Caesar Salad,Sezar Salata,BOTH,BOWL,CHICKEN|DRESSING|CROUTONS,P0,PLANNED_RESEARCH
greek_salad,LIGHT_MEAL,Greek Salad,Yunan Salatası,BOTH,BOWL,CHEESE|DRESSING,P0,PLANNED_RESEARCH
garden_salad,LIGHT_MEAL,Garden Salad,Mevsim Salata,BOTH,BOWL,DRESSING,P0,PLANNED_RESEARCH
chicken_salad,LIGHT_MEAL,Chicken Salad,Tavuklu Salata,BOTH,BOWL,CHICKEN|DRESSING,P0,PLANNED_RESEARCH
tuna_salad,LIGHT_MEAL,Tuna Salad,Ton Balıklı Salata,BOTH,BOWL,TUNA|DRESSING,P1,PLANNED_RESEARCH
coban_salad,LIGHT_MEAL,Turkish Shepherd Salad,Çoban Salata,TR,BOWL,DRESSING,P0,PLANNED_RESEARCH
kisir,LIGHT_MEAL,Kisir,Kısır,TR,BOWL,PORTION_SIZE|OIL,P0,PLANNED_RESEARCH
lentil_soup,LIGHT_MEAL,Lentil Soup,Mercimek Çorbası,TR,BOWL,BOWL_SIZE|BREAD,P0,PLANNED_RESEARCH
tomato_soup,LIGHT_MEAL,Tomato Soup,Domates Çorbası,BOTH,BOWL,BOWL_SIZE|CREAM|BREAD,P0,PLANNED_RESEARCH
chicken_soup,LIGHT_MEAL,Chicken Soup,Tavuk Çorbası,BOTH,BOWL,BOWL_SIZE|BREAD,P0,PLANNED_RESEARCH
vegetable_soup,LIGHT_MEAL,Vegetable Soup,Sebze Çorbası,BOTH,BOWL,BOWL_SIZE|BREAD,P1,PLANNED_RESEARCH
mushroom_soup,LIGHT_MEAL,Mushroom Soup,Mantar Çorbası,BOTH,BOWL,BOWL_SIZE|CREAM|BREAD,P1,PLANNED_RESEARCH
minestrone_soup,LIGHT_MEAL,Minestrone Soup,Minestrone Çorbası,UK_IE,BOWL,BOWL_SIZE|BREAD,P2,PLANNED_RESEARCH
ezogelin_soup,LIGHT_MEAL,Ezogelin Soup,Ezogelin Çorbası,TR,BOWL,BOWL_SIZE|BREAD,P0,PLANNED_RESEARCH
plain_jacket_potato,LIGHT_MEAL,Plain Jacket Potato,Fırın Patates,UK_IE,PIECE,SIZE|BUTTER|FILLING,P0,PLANNED_RESEARCH
baked_potato_cheese,LIGHT_MEAL,Jacket Potato with Cheese,Peynirli Fırın Patates,UK_IE,PIECE,SIZE|CHEESE|BUTTER,P1,PLANNED_RESEARCH
baked_potato_beans,LIGHT_MEAL,Jacket Potato with Beans,Fasulyeli Fırın Patates,UK_IE,PIECE,SIZE|BEANS|BUTTER,P1,PLANNED_RESEARCH
plain_pasta,LIGHT_MEAL,Plain Cooked Pasta,Sade Pişmiş Makarna,BOTH,BOWL,PORTION_SIZE|OIL,P0,PLANNED_RESEARCH
tomato_pasta,LIGHT_MEAL,Pasta with Tomato Sauce,Domates Soslu Makarna,BOTH,BOWL,PORTION_SIZE|CHEESE|OIL,P0,PLANNED_RESEARCH
pesto_pasta,LIGHT_MEAL,Pesto Pasta,Pesto Soslu Makarna,BOTH,BOWL,PORTION_SIZE|CHEESE,P1,PLANNED_RESEARCH
macaroni_cheese,LIGHT_MEAL,Macaroni Cheese,Peynirli Makarna,UK_IE,BOWL,PORTION_SIZE|CHEESE,P1,PLANNED_RESEARCH
plain_rice,LIGHT_MEAL,Plain Cooked Rice,Sade Pişmiş Pirinç,BOTH,BOWL,PORTION_SIZE|OIL,P0,PLANNED_RESEARCH
french_fries,SIDE_FAST,Fries,Patates Kızartması,BOTH,PORTION,PORTION_SIZE|SAUCE,P0,PLANNED_RESEARCH
chips_thick_cut,SIDE_FAST,Thick-Cut Chips,Kalın Patates Kızartması,UK_IE,PORTION,PORTION_SIZE|SAUCE,P0,PLANNED_RESEARCH
sweet_potato_fries,SIDE_FAST,Sweet Potato Fries,Tatlı Patates Kızartması,BOTH,PORTION,PORTION_SIZE|SAUCE,P1,PLANNED_RESEARCH
mashed_potato,SIDE_FAST,Mashed Potato,Patates Püresi,BOTH,SCOOP,PORTION_SIZE|BUTTER|MILK,P0,PLANNED_RESEARCH
roast_potatoes,SIDE_FAST,Roast Potatoes,Fırınlanmış Patates,UK_IE,PORTION,PORTION_SIZE|COOKING_FAT,P1,PLANNED_RESEARCH
onion_rings,SIDE_FAST,Onion Rings,Soğan Halkası,BOTH,PIECE_COUNT,PIECE_COUNT|SAUCE,P1,PLANNED_RESEARCH
coleslaw,SIDE_FAST,Coleslaw,Lahana Salatası,UK_IE,SCOOP,PORTION_SIZE,P1,PLANNED_RESEARCH
side_salad,SIDE_FAST,Side Salad,Yan Salata,BOTH,BOWL,DRESSING,P0,PLANNED_RESEARCH
steamed_vegetables,SIDE_FAST,Steamed Vegetables,Buharda Sebze,BOTH,PORTION,PORTION_SIZE|BUTTER,P0,PLANNED_RESEARCH
garlic_bread,SIDE_FAST,Garlic Bread,Sarımsaklı Ekmek,BOTH,SLICE_COUNT,SLICE_COUNT|CHEESE,P1,PLANNED_RESEARCH
hummus_portion,SIDE_FAST,Hummus Portion,Humus,BOTH,BOWL,PORTION_SIZE|OIL,P0,PLANNED_RESEARCH
plain_burger,SIDE_FAST,Plain Beef Burger,Sade Hamburger,BOTH,BURGER,BUN|PATTY|SAUCE,P1,PLANNED_RESEARCH
cheeseburger,SIDE_FAST,Cheeseburger,Çizburger,BOTH,BURGER,BUN|PATTY|CHEESE|SAUCE,P1,PLANNED_RESEARCH
chicken_burger,SIDE_FAST,Chicken Burger,Tavuk Burger,BOTH,BURGER,BUN|CHICKEN|SAUCE,P1,PLANNED_RESEARCH
fish_and_chips,SIDE_FAST,Fish and Chips,Balık ve Patates Kızartması,UK_IE,PLATE,FISH_SIZE|CHIPS_SIZE|SAUCE,P0,PLANNED_RESEARCH
chicken_nuggets,SIDE_FAST,Chicken Nuggets,Tavuk Nugget,BOTH,PIECE_COUNT,PIECE_COUNT|SAUCE,P1,PLANNED_RESEARCH
margherita_pizza_slice,SIDE_FAST,Margherita Pizza Slice,Margarita Pizza Dilimi,BOTH,SLICE,SLICE_SIZE,P1,PLANNED_RESEARCH
pepperoni_pizza_slice,SIDE_FAST,Pepperoni Pizza Slice,Pepperonili Pizza Dilimi,UK_IE,SLICE,SLICE_SIZE,P2,PLANNED_RESEARCH
doner_wrap,SIDE_FAST,Doner Wrap,Döner Dürüm,TR,WRAP,MEAT|WRAP_SIZE|SAUCE,P0,PLANNED_RESEARCH
chicken_doner_wrap,SIDE_FAST,Chicken Doner Wrap,Tavuk Döner Dürüm,TR,WRAP,MEAT|WRAP_SIZE|SAUCE,P0,PLANNED_RESEARCH
regular_beer,ALCOHOL,Regular Beer,Standart Bira,BOTH,ALCOHOL_VOLUME,SIZE|ABV,P1,PLANNED_RESEARCH
light_beer,ALCOHOL,Light Beer,Hafif Bira,BOTH,ALCOHOL_VOLUME,SIZE|ABV,P2,PLANNED_RESEARCH
stout,ALCOHOL,Stout,Stout Bira,UK_IE,ALCOHOL_VOLUME,SIZE|ABV,P1,PLANNED_RESEARCH
cider,ALCOHOL,Cider,Elma Şarabı,UK_IE,ALCOHOL_VOLUME,SIZE|ABV,P1,PLANNED_RESEARCH
red_wine,ALCOHOL,Red Wine,Kırmızı Şarap,BOTH,WINE_GLASS,SIZE|ABV,P1,PLANNED_RESEARCH
white_wine,ALCOHOL,White Wine,Beyaz Şarap,BOTH,WINE_GLASS,SIZE|ABV,P1,PLANNED_RESEARCH
rose_wine,ALCOHOL,Rose Wine,Roze Şarap,BOTH,WINE_GLASS,SIZE|ABV,P2,PLANNED_RESEARCH
sparkling_wine,ALCOHOL,Sparkling Wine,Köpüklü Şarap,BOTH,WINE_GLASS,SIZE|ABV,P2,PLANNED_RESEARCH
vodka_shot,ALCOHOL,Vodka,Votka,BOTH,SPIRIT_MEASURE,SIZE|ABV|MIXER,P1,PLANNED_RESEARCH
gin_shot,ALCOHOL,Gin,Cin,BOTH,SPIRIT_MEASURE,SIZE|ABV|MIXER,P1,PLANNED_RESEARCH
whiskey_shot,ALCOHOL,Whiskey,Viski,BOTH,SPIRIT_MEASURE,SIZE|ABV|MIXER,P1,PLANNED_RESEARCH
raki,ALCOHOL,Raki,Rakı,TR,SPIRIT_MEASURE,SIZE|ABV|WATER,P1,PLANNED_RESEARCH
gin_tonic,ALCOHOL,Gin and Tonic,Cin Tonik,BOTH,COCKTAIL_GLASS,SIZE|GIN|TONIC,P1,PLANNED_RESEARCH
mojito,ALCOHOL,Mojito,Mojito,BOTH,COCKTAIL_GLASS,SIZE|SUGAR|RUM,P2,PLANNED_RESEARCH
margarita,ALCOHOL,Margarita,Margarita,BOTH,COCKTAIL_GLASS,SIZE|SUGAR|TEQUILA,P2,PLANNED_RESEARCH
