"market_region","source_key","display_name_tr","display_name_en","reviewed_category","review_status","review_basis","nutrition_approval","portion_approval"
"TR","TR:LOCAL_DISH:PREPARED:adana_kebap:classic","Adana kebap","Adana kebab","MAIN_DISH","CATEGORY_REVIEWED","DISH_IDENTITY_CLASSIFICATION_V1","false","false"
"TR","TR:LOCAL_DISH:PREPARED:bulgur_pilavi:classic","Bulgur pilavı","Turkish bulgur pilaf","RICE_DISH","CATEGORY_REVIEWED","DISH_IDENTITY_CLASSIFICATION_V1","false","false"
"TR","TR:LOCAL_DISH:PREPARED:doner:et","Et döner","Meat doner","MAIN_DISH","CATEGORY_REVIEWED","DISH_IDENTITY_CLASSIFICATION_V1","false","false"
"TR","TR:LOCAL_DISH:PREPARED:doner:tavuk","Tavuk döner","Chicken doner","MAIN_DISH","CATEGORY_REVIEWED","DISH_IDENTITY_CLASSIFICATION_V1","false","false"
"TR","TR:LOCAL_DISH:PREPARED:ezogelin_corbasi:classic","Ezogelin çorbası","Ezogelin soup","SOUP","CATEGORY_REVIEWED","DISH_IDENTITY_CLASSIFICATION_V1","false","false"
"TR","TR:LOCAL_DISH:PREPARED:firin_sutlac:classic","Fırın sütlaç","Baked rice pudding","DESSERT","CATEGORY_REVIEWED","DISH_IDENTITY_CLASSIFICATION_V1","false","false"
"TR","TR:LOCAL_DISH:PREPARED:icli_kofte:classic","İçli köfte","Stuffed bulgur kofte","STUFFED_DISH","CATEGORY_REVIEWED","DISH_IDENTITY_CLASSIFICATION_V1","false","false"
"TR","TR:LOCAL_DISH:PREPARED:imam_bayildi:classic","İmam bayıldı","Imam bayildi","VEGETABLE_DISH","CATEGORY_REVIEWED","DISH_IDENTITY_CLASSIFICATION_V1","false","false"
"TR","TR:LOCAL_DISH:PREPARED:karniyarik:classic","Karnıyarık","Karniyarik","MAIN_DISH","CATEGORY_REVIEWED","DISH_IDENTITY_CLASSIFICATION_V1","false","false"
"TR","TR:LOCAL_DISH:PREPARED:kiymali_pide:classic","Kıymalı pide","Minced meat pide","PASTRY","CATEGORY_REVIEWED","DISH_IDENTITY_CLASSIFICATION_V1","false","false"
"TR","TR:LOCAL_DISH:PREPARED:kuru_fasulye:classic","Kuru fasulye","Turkish white bean stew","LEGUME_DISH","CATEGORY_REVIEWED","DISH_IDENTITY_CLASSIFICATION_V1","false","false"
"TR","TR:LOCAL_DISH:PREPARED:kuru_fasulye:etli","Etli kuru fasulye","Turkish white bean stew with meat","LEGUME_DISH","CATEGORY_REVIEWED","DISH_IDENTITY_CLASSIFICATION_V1","false","false"
"TR","TR:LOCAL_DISH:PREPARED:kuru_fasulye:pastirmali","Pastırmalı kuru fasulye","Turkish white bean stew with pastirma","LEGUME_DISH","CATEGORY_REVIEWED","DISH_IDENTITY_CLASSIFICATION_V1","false","false"
"TR","TR:LOCAL_DISH:PREPARED:lahmacun:classic","Lahmacun","Lahmacun","PASTRY","CATEGORY_REVIEWED","DISH_IDENTITY_CLASSIFICATION_V1","false","false"
"TR","TR:LOCAL_DISH:PREPARED:manti:classic","Mantı","Turkish manti","DUMPLING","CATEGORY_REVIEWED","DISH_IDENTITY_CLASSIFICATION_V1","false","false"
"TR","TR:LOCAL_DISH:PREPARED:menemen:classic","Menemen","Menemen","MAIN_DISH","CATEGORY_REVIEWED","DISH_IDENTITY_CLASSIFICATION_V1","false","false"
"TR","TR:LOCAL_DISH:PREPARED:mercimek_corbasi:classic","Mercimek çorbası","Turkish lentil soup","SOUP","CATEGORY_REVIEWED","DISH_IDENTITY_CLASSIFICATION_V1","false","false"
"TR","TR:LOCAL_DISH:PREPARED:nohut_yemegi:classic","Nohut yemeği","Turkish chickpea stew","LEGUME_DISH","CATEGORY_REVIEWED","DISH_IDENTITY_CLASSIFICATION_V1","false","false"
"TR","TR:LOCAL_DISH:PREPARED:pirinc_pilavi:classic","Pirinç pilavı","Turkish rice pilaf","RICE_DISH","CATEGORY_REVIEWED","DISH_IDENTITY_CLASSIFICATION_V1","false","false"
"TR","TR:LOCAL_DISH:PREPARED:taze_fasulye:zeytinyagli","Zeytinyağlı taze fasulye","Green beans in olive oil","VEGETABLE_DISH","CATEGORY_REVIEWED","DISH_IDENTITY_CLASSIFICATION_V1","false","false"
"UK_IE","UK_IE:LOCAL_DISH:PREPARED:bangers_and_mash:classic","Sosis ve patates püresi","Bangers and mash","MAIN_DISH","CATEGORY_REVIEWED","DISH_IDENTITY_CLASSIFICATION_V1","false","false"
"UK_IE","UK_IE:LOCAL_DISH:PREPARED:beans_on_toast:classic","Tost üzerinde kuru fasulye","Beans on toast","MAIN_DISH","CATEGORY_REVIEWED","DISH_IDENTITY_CLASSIFICATION_V1","false","false"
"UK_IE","UK_IE:LOCAL_DISH:PREPARED:beef_and_guinness_stew:classic","Etli Guinness yahnisi","Beef and Guinness stew","MAIN_DISH","CATEGORY_REVIEWED","DISH_IDENTITY_CLASSIFICATION_V1","false","false"
"UK_IE","UK_IE:LOCAL_DISH:PREPARED:boxty:classic","İrlanda patatesli pankeki","Boxty","SIDE_DISH","CATEGORY_REVIEWED","DISH_IDENTITY_CLASSIFICATION_V1","false","false"
"UK_IE","UK_IE:LOCAL_DISH:PREPARED:champ:classic","Taze soğanlı İrlanda püresi","Champ","SIDE_DISH","CATEGORY_REVIEWED","DISH_IDENTITY_CLASSIFICATION_V1","false","false"
"UK_IE","UK_IE:LOCAL_DISH:PREPARED:chicken_tikka_masala:classic","Tavuk tikka masala","Chicken tikka masala","MAIN_DISH","CATEGORY_REVIEWED","DISH_IDENTITY_CLASSIFICATION_V1","false","false"
"UK_IE","UK_IE:LOCAL_DISH:PREPARED:coddle:dublin","Dublin usulü sosis yahnisi","Dublin coddle","MAIN_DISH","CATEGORY_REVIEWED","DISH_IDENTITY_CLASSIFICATION_V1","false","false"
"UK_IE","UK_IE:LOCAL_DISH:PREPARED:colcannon:classic","Colcannon patates püresi","Colcannon","SIDE_DISH","CATEGORY_REVIEWED","DISH_IDENTITY_CLASSIFICATION_V1","false","false"
"UK_IE","UK_IE:LOCAL_DISH:PREPARED:corned_beef_and_cabbage:classic","Tuzlu dana eti ve lahana","Corned beef and cabbage","MAIN_DISH","CATEGORY_REVIEWED","DISH_IDENTITY_CLASSIFICATION_V1","false","false"
"UK_IE","UK_IE:LOCAL_DISH:PREPARED:cottage_pie:classic","Dana etli çoban turtası","Cottage pie","MAIN_DISH","CATEGORY_REVIEWED","DISH_IDENTITY_CLASSIFICATION_V1","false","false"
"UK_IE","UK_IE:LOCAL_DISH:PREPARED:fish_and_chips:classic","Balık ve patates kızartması","Fish and chips","MAIN_DISH","CATEGORY_REVIEWED","DISH_IDENTITY_CLASSIFICATION_V1","false","false"
"UK_IE","UK_IE:LOCAL_DISH:PREPARED:full_breakfast:english","İngiliz kahvaltısı","Full English breakfast","MAIN_DISH","CATEGORY_REVIEWED","DISH_IDENTITY_CLASSIFICATION_V1","false","false"
"UK_IE","UK_IE:LOCAL_DISH:PREPARED:full_breakfast:irish","İrlanda kahvaltısı","Full Irish breakfast","MAIN_DISH","CATEGORY_REVIEWED","DISH_IDENTITY_CLASSIFICATION_V1","false","false"
"UK_IE","UK_IE:LOCAL_DISH:PREPARED:irish_stew:classic","İrlanda yahni yemeği","Irish stew","MAIN_DISH","CATEGORY_REVIEWED","DISH_IDENTITY_CLASSIFICATION_V1","false","false"
"UK_IE","UK_IE:LOCAL_DISH:PREPARED:jacket_potato:beans","Fasulyeli fırın patates","Jacket potato with beans","MAIN_DISH","CATEGORY_REVIEWED","DISH_IDENTITY_CLASSIFICATION_V1","false","false"
"UK_IE","UK_IE:LOCAL_DISH:PREPARED:porridge:milk","Sütlü yulaf lapası","Porridge with milk","GRAIN_DISH","CATEGORY_REVIEWED","DISH_IDENTITY_CLASSIFICATION_V1","false","false"
"UK_IE","UK_IE:LOCAL_DISH:PREPARED:roast_dinner:beef","Dana rostolu akşam yemeği","Roast beef dinner","MAIN_DISH","CATEGORY_REVIEWED","DISH_IDENTITY_CLASSIFICATION_V1","false","false"
"UK_IE","UK_IE:LOCAL_DISH:PREPARED:roast_dinner:chicken","Tavuk rostolu akşam yemeği","Roast chicken dinner","MAIN_DISH","CATEGORY_REVIEWED","DISH_IDENTITY_CLASSIFICATION_V1","false","false"
"UK_IE","UK_IE:LOCAL_DISH:PREPARED:shepherds_pie:classic","Çoban turtası","Shepherd's pie","MAIN_DISH","CATEGORY_REVIEWED","DISH_IDENTITY_CLASSIFICATION_V1","false","false"
"UK_IE","UK_IE:LOCAL_DISH:PREPARED:steak_and_kidney_pie:classic","Biftekli böbrekli turta","Steak and kidney pie","MAIN_DISH","CATEGORY_REVIEWED","DISH_IDENTITY_CLASSIFICATION_V1","false","false"
