market_region,source_key,dish_family_key,dish_variant_key,display_name_tr,display_name_en,aliases_tr,aliases_en,category,origin_region,preparation_state,discovery_source_url,evidence_class,preferred_nutrition_source,nutrition_basis_candidate,review_status
TR,TR:LOCAL_DISH:PREPARED:aydin_yuvarlama:classic,aydin_yuvarlama,classic,Aydın Yuvarlaması,Aydin-style Yuvarlama,Yuvarlama|Sıkma,Yuvarlama|Sikma,MAIN_DISH,Aydın,PREPARED,https://aydin.ktb.gov.tr/TR-64515/yoresel-yemekler.html,OFFICIAL_INSTITUTIONAL,USDA_FOODDATA_COMPONENT_CALCULATION,CALCULATED,TAXONOMY_ONLY
TR,TR:LOCAL_DISH:PREPARED:bolama:classic,bolama,classic,Bolama,Bolama,Bolama|Lok Lok Pilavı,Bolama|Lok Lok Pilaf,RICE_DISH,Aydın,PREPARED,https://aydin.ktb.gov.tr/TR-64515/yoresel-yemekler.html,OFFICIAL_INSTITUTIONAL,USDA_FOODDATA_COMPONENT_CALCULATION,CALCULATED,TAXONOMY_ONLY
TR,TR:LOCAL_DISH:PREPARED:ciger_dolmasi:classic,ciger_dolmasi,classic,Ciğer Dolması,Stuffed Liver,Ciğer Dolması,Stuffed Liver,MAIN_DISH,Aydın,PREPARED,https://aydin.ktb.gov.tr/TR-64515/yoresel-yemekler.html,OFFICIAL_INSTITUTIONAL,USDA_FOODDATA_COMPONENT_CALCULATION,CALCULATED,TAXONOMY_ONLY
TR,TR:LOCAL_DISH:PREPARED:kirli_kizartmasi:classic,kirli_kizartmasi,classic,Kırlı Kızartması,Kirli Fried Aubergine,Kırlı Kızartması|Evsimle,Kirli Kizartmasi|Evsimle,VEGETABLE_DISH,Aydın,PREPARED,https://aydin.ktb.gov.tr/TR-64515/yoresel-yemekler.html,OFFICIAL_INSTITUTIONAL,USDA_FOODDATA_COMPONENT_CALCULATION,CALCULATED,TAXONOMY_ONLY
TR,TR:LOCAL_DISH:PREPARED:kenker_yemegi:classic,kenker_yemegi,classic,Kenker Yemeği,Kenker Stew,Kenker Yemeği,Kenker Stew,VEGETABLE_DISH,Aydın,PREPARED,https://aydin.ktb.gov.tr/TR-64515/yoresel-yemekler.html,OFFICIAL_INSTITUTIONAL,USDA_FOODDATA_COMPONENT_CALCULATION,CALCULATED,TAXONOMY_ONLY
TR,TR:LOCAL_DISH:PREPARED:kuru_borulce:zeytinyagli,kuru_borulce,zeytinyagli,Zeytinyağlı Kuru Börülce,Olive-oil Dried Black-eyed Peas,Kuru Börülce,Olive-oil Black-eyed Peas,LEGUME_DISH,Aydın,PREPARED,https://aydin.ktb.gov.tr/TR-64515/yoresel-yemekler.html,OFFICIAL_INSTITUTIONAL,USDA_FOODDATA_COMPONENT_CALCULATION,CALCULATED,TAXONOMY_ONLY
TR,TR:LOCAL_DISH:PREPARED:taze_borulce:zeytinyagli,taze_borulce,zeytinyagli,Zeytinyağlı Taze Börülce,Olive-oil Fresh Black-eyed Peas,Taze Börülce,Olive-oil Fresh Black-eyed Peas,VEGETABLE_DISH,Aydın,PREPARED,https://aydin.ktb.gov.tr/TR-64515/yoresel-yemekler.html,OFFICIAL_INSTITUTIONAL,USDA_FOODDATA_COMPONENT_CALCULATION,CALCULATED,TAXONOMY_ONLY
TR,TR:LOCAL_DISH:PREPARED:kabak_cicegi_dolmasi:classic,kabak_cicegi_dolmasi,classic,Kabak Çiçeği Dolması,Stuffed Courgette Flowers,Kabak Çiçeği Dolması,Stuffed Squash Blossoms,STUFFED_DISH,Aydın,PREPARED,https://aydin.ktb.gov.tr/TR-64515/yoresel-yemekler.html,OFFICIAL_INSTITUTIONAL,USDA_FOODDATA_COMPONENT_CALCULATION,CALCULATED,TAXONOMY_ONLY
TR,TR:LOCAL_DISH:PREPARED:koruk_eksili_bamya:classic,koruk_eksili_bamya,classic,Koruk Ekşili Bamya,Okra with Verjuice,Koruk Ekşili Bamya,Verjuice Okra,VEGETABLE_DISH,Aydın,PREPARED,https://aydin.ktb.gov.tr/TR-64515/yoresel-yemekler.html,OFFICIAL_INSTITUTIONAL,USDA_FOODDATA_COMPONENT_CALCULATION,CALCULATED,TAXONOMY_ONLY
TR,TR:LOCAL_DISH:PREPARED:kedirgen_kavurmasi:classic,kedirgen_kavurmasi,classic,Kedirgen Kavurması,Sauteed Wild Asparagus,Kedirgen Kavurması|Tilki Kuyruğu,Sauteed Wild Asparagus,VEGETABLE_DISH,Aydın,PREPARED,https://aydin.ktb.gov.tr/TR-64515/yoresel-yemekler.html,OFFICIAL_INSTITUTIONAL,USDA_FOODDATA_COMPONENT_CALCULATION,CALCULATED,TAXONOMY_ONLY
TR,TR:LOCAL_DISH:PREPARED:pelvize_tatlisi:classic,pelvize_tatlisi,classic,Pelvize Tatlısı,Pelvize Pudding,Pelvize Tatlısı,Pelvize Dessert,DESSERT,Aydın,PREPARED,https://aydin.ktb.gov.tr/TR-64515/yoresel-yemekler.html,OFFICIAL_INSTITUTIONAL,USDA_FOODDATA_COMPONENT_CALCULATION,CALCULATED,TAXONOMY_ONLY
TR,TR:LOCAL_DISH:PREPARED:pasa_boregi:classic,pasa_boregi,classic,Paşa Böreği,Pasha Borek,Paşa Böreği,Pasha Pastry,PASTRY,Aydın,PREPARED,https://aydin.ktb.gov.tr/TR-64515/yoresel-yemekler.html,OFFICIAL_INSTITUTIONAL,USDA_FOODDATA_COMPONENT_CALCULATION,CALCULATED,TAXONOMY_ONLY
TR,TR:LOCAL_DISH:PREPARED:catal_corba:classic,catal_corba,classic,Çatal Çorba,Catal Soup,Çatal Çorba,Catal Soup,SOUP,Amasya,PREPARED,https://amasya.ktb.gov.tr/TR-59566/yore-mutfagi.html,OFFICIAL_INSTITUTIONAL,USDA_FOODDATA_COMPONENT_CALCULATION,CALCULATED,TAXONOMY_ONLY
TR,TR:LOCAL_DISH:PREPARED:sakala_carpan:classic,sakala_carpan,classic,Sakala Çarpan,Sakala Carpan Soup,Sakala Çarpan,Sakala Carpan,SOUP,Amasya,PREPARED,https://amasya.ktb.gov.tr/TR-59566/yore-mutfagi.html,OFFICIAL_INSTITUTIONAL,USDA_FOODDATA_COMPONENT_CALCULATION,CALCULATED,TAXONOMY_ONLY
TR,TR:LOCAL_DISH:PREPARED:toyga_corbasi:amasya,toyga_corbasi,amasya,Toyga Çorbası,Amasya Toyga Soup,Toyga Çorbası|Toyka Çorbası,Toyga Soup|Toyka Soup,SOUP,Amasya,PREPARED,https://amasya.ktb.gov.tr/TR-59566/yore-mutfagi.html,OFFICIAL_INSTITUTIONAL,USDA_FOODDATA_COMPONENT_CALCULATION,CALCULATED,TAXONOMY_ONLY
TR,TR:LOCAL_DISH:PREPARED:bakla_dolmasi:amasya,bakla_dolmasi,amasya,Amasya Bakla Dolması,Amasya Broad-bean Dolma,Bakla Dolması,Broad-bean Dolma,STUFFED_DISH,Amasya,PREPARED,https://amasya.ktb.gov.tr/TR-59566/yore-mutfagi.html,OFFICIAL_INSTITUTIONAL,USDA_FOODDATA_COMPONENT_CALCULATION,CALCULATED,TAXONOMY_ONLY
TR,TR:LOCAL_DISH:PREPARED:pastirmali_pancar:classic,pastirmali_pancar,classic,Pastırmalı Pancar,Beet with Pastirma,Pastırmalı Pancar,Pastirma Beet Dish,VEGETABLE_DISH,Amasya,PREPARED,https://amasya.ktb.gov.tr/TR-59566/yore-mutfagi.html,OFFICIAL_INSTITUTIONAL,USDA_FOODDATA_COMPONENT_CALCULATION,CALCULATED,TAXONOMY_ONLY
TR,TR:LOCAL_DISH:PREPARED:patlican_pehli:classic,patlican_pehli,classic,Patlıcan Pehli,Aubergine Pehli,Patlıcan Pehli,Aubergine Pehli,MAIN_DISH,Amasya,PREPARED,https://amasya.ktb.gov.tr/TR-59566/yore-mutfagi.html,OFFICIAL_INSTITUTIONAL,USDA_FOODDATA_COMPONENT_CALCULATION,CALCULATED,TAXONOMY_ONLY
TR,TR:LOCAL_DISH:PREPARED:dene_hasudasi:classic,dene_hasudasi,classic,Dene Hasudası,Dene Hasuda,Dene Hasudası,Dene Hasuda,DESSERT,Amasya,PREPARED,https://amasya.ktb.gov.tr/TR-59566/yore-mutfagi.html,OFFICIAL_INSTITUTIONAL,USDA_FOODDATA_COMPONENT_CALCULATION,CALCULATED,TAXONOMY_ONLY
TR,TR:LOCAL_DISH:PREPARED:amasya_coregi:classic,amasya_coregi,classic,Amasya Çöreği,Amasya Bun,Amasya Çöreği,Amasya Pastry,PASTRY,Amasya,PREPARED,https://amasya.ktb.gov.tr/TR-59566/yore-mutfagi.html,OFFICIAL_INSTITUTIONAL,USDA_FOODDATA_COMPONENT_CALCULATION,CALCULATED,TAXONOMY_ONLY
TR,TR:LOCAL_DISH:PREPARED:kabak_kavuklu_pilav:classic,kabak_kavuklu_pilav,classic,Kabak Kavuklu Pilav,Pilaf with Pumpkin Crust,Kabak Kavuklu Pilav,Pumpkin Pilaf,RICE_DISH,Amasya,PREPARED,https://amasya.ktb.gov.tr/TR-59566/yore-mutfagi.html,OFFICIAL_INSTITUTIONAL,USDA_FOODDATA_COMPONENT_CALCULATION,CALCULATED,TAXONOMY_ONLY
TR,TR:LOCAL_DISH:PREPARED:ekmek_asi:papara,ekmek_asi,papara,Ekmek Aşı,Bread Stew,Ekmek Aşı|Papara,Bread Stew|Papara,MAIN_DISH,Amasya,PREPARED,https://amasya.ktb.gov.tr/TR-59566/yore-mutfagi.html,OFFICIAL_INSTITUTIONAL,USDA_FOODDATA_COMPONENT_CALCULATION,CALCULATED,TAXONOMY_ONLY
TR,TR:LOCAL_DISH:PREPARED:unutma_beni_tatlisi:classic,unutma_beni_tatlisi,classic,Unutma Beni Tatlısı,Forget-me-not Dessert,Unutma Beni,Forget-me-not Dessert,DESSERT,Amasya,PREPARED,https://amasya.ktb.gov.tr/TR-59566/yore-mutfagi.html,OFFICIAL_INSTITUTIONAL,USDA_FOODDATA_COMPONENT_CALCULATION,CALCULATED,TAXONOMY_ONLY
TR,TR:LOCAL_DISH:PREPARED:yakasal_boregi:classic,yakasal_boregi,classic,Yakasal Böreği,Yakasal Borek,Yakasal Böreği,Yakasal Pastry,PASTRY,Amasya,PREPARED,https://amasya.ktb.gov.tr/TR-59566/yore-mutfagi.html,OFFICIAL_INSTITUTIONAL,USDA_FOODDATA_COMPONENT_CALCULATION,CALCULATED,TAXONOMY_ONLY
TR,TR:LOCAL_DISH:PREPARED:umac_helvasi:kars,umac_helvasi,kars,Kars Umaç Helvası,Kars Umac Halva,Umaç Helvası,Umac Halva,DESSERT,Kars,PREPARED,https://kars.ktb.gov.tr/TR-54860/kars-yoresi-yemek-kulturu.html,OFFICIAL_INSTITUTIONAL,USDA_FOODDATA_COMPONENT_CALCULATION,CALCULATED,TAXONOMY_ONLY
TR,TR:LOCAL_DISH:PREPARED:horre_un_corbasi:classic,horre_un_corbasi,classic,Hörre Un Çorbası,Horre Flour Soup,Hörre|Un Çorbası,Horre|Flour Soup,SOUP,Kars,PREPARED,https://kars.ktb.gov.tr/TR-54860/kars-yoresi-yemek-kulturu.html,OFFICIAL_INSTITUTIONAL,USDA_FOODDATA_COMPONENT_CALCULATION,CALCULATED,TAXONOMY_ONLY
TR,TR:LOCAL_DISH:PREPARED:kars_boregi:classic,kars_boregi,classic,Kars Böreği,Kars Borek,Kars Böreği,Kars Pastry,PASTRY,Kars,PREPARED,https://kars.ktb.gov.tr/TR-54860/kars-yoresi-yemek-kulturu.html,OFFICIAL_INSTITUTIONAL,USDA_FOODDATA_COMPONENT_CALCULATION,CALCULATED,TAXONOMY_ONLY
TR,TR:LOCAL_DISH:PREPARED:hangel:kars,hangel,kars,Kars Hangel,Kars Hangel,Hangel|Hingel,Hangel|Hingel,DUMPLING,Kars,PREPARED,https://kars.ktb.gov.tr/TR-54860/kars-yoresi-yemek-kulturu.html,OFFICIAL_INSTITUTIONAL,USDA_FOODDATA_COMPONENT_CALCULATION,CALCULATED,TAXONOMY_ONLY
TR,TR:LOCAL_DISH:PREPARED:kete:kars,kete,kars,Kars Ketesi,Kars Kete,Kete,Kete,PASTRY,Kars,PREPARED,https://kars.ktb.gov.tr/TR-54860/kars-yoresi-yemek-kulturu.html,OFFICIAL_INSTITUTIONAL,USDA_FOODDATA_COMPONENT_CALCULATION,CALCULATED,TAXONOMY_ONLY
TR,TR:LOCAL_DISH:PREPARED:eriste_pilavi:kars,eriste_pilavi,kars,Kars Erişte Pilavı,Kars Noodle Pilaf,Erişte Pilavı,Noodle Pilaf,PASTA_DISH,Kars,PREPARED,https://kars.ktb.gov.tr/TR-54860/kars-yoresi-yemek-kulturu.html,OFFICIAL_INSTITUTIONAL,USDA_FOODDATA_COMPONENT_CALCULATION,CALCULATED,TAXONOMY_ONLY
TR,TR:LOCAL_DISH:PREPARED:hasil:kars,hasil,kars,Kars Haşılı,Kars Hasil,Haşıl,Hasil,GRAIN_DISH,Kars,PREPARED,https://kars.ktb.gov.tr/TR-54860/kars-yoresi-yemek-kulturu.html,OFFICIAL_INSTITUTIONAL,USDA_FOODDATA_COMPONENT_CALCULATION,CALCULATED,TAXONOMY_ONLY
TR,TR:LOCAL_DISH:PREPARED:eksili_et:kars,eksili_et,kars,Kars Ekşili Et,Kars Sour Meat Stew,Ekşili Et,Sour Meat Stew,MAIN_DISH,Kars,PREPARED,https://kars.ktb.gov.tr/TR-54860/kars-yoresi-yemek-kulturu.html,OFFICIAL_INSTITUTIONAL,USDA_FOODDATA_COMPONENT_CALCULATION,CALCULATED,TAXONOMY_ONLY
TR,TR:LOCAL_DISH:PREPARED:tandirda_kaz_cekmesi:classic,tandirda_kaz_cekmesi,classic,Tandırda Kaz Çekmesi,Tandoor-roasted Goose,Tandırda Kaz Çekmesi|Kaz Asması,Tandoor Goose|Hung Goose,MAIN_DISH,Kars,PREPARED,https://kars.ktb.gov.tr/TR-54860/kars-yoresi-yemek-kulturu.html,OFFICIAL_INSTITUTIONAL,USDA_FOODDATA_COMPONENT_CALCULATION,CALCULATED,TAXONOMY_ONLY
TR,TR:LOCAL_DISH:PREPARED:kesme_asi:kars,kesme_asi,kars,Kars Kesme Aşı,Kars Cut-noodle Soup,Kesme Aşı|Kesme Çorbası,Cut-noodle Soup,SOUP,Kars,PREPARED,https://kars.ktb.gov.tr/TR-54860/kars-yoresi-yemek-kulturu.html,OFFICIAL_INSTITUTIONAL,USDA_FOODDATA_COMPONENT_CALCULATION,CALCULATED,TAXONOMY_ONLY
TR,TR:LOCAL_DISH:PREPARED:tursu_kavurmasi:ordu,tursu_kavurmasi,ordu,Ordu Turşu Kavurması,Ordu Sauteed Pickles,Turşu Kavurması,Sauteed Pickles,VEGETABLE_DISH,Ordu,PREPARED,https://ordu.ktb.gov.tr/TR-397877/turk-mutfagi-haftasi-ordu-yoresel-yemekeler-27052025.html,OFFICIAL_INSTITUTIONAL,USDA_FOODDATA_COMPONENT_CALCULATION,CALCULATED,TAXONOMY_ONLY
TR,TR:LOCAL_DISH:PREPARED:kivirtma_tatlisi:classic,kivirtma_tatlisi,classic,Kıvırtma Tatlısı,Kivirtma Dessert,Kıvırtma Tatlısı,Kivirtma Dessert,DESSERT,Ordu,PREPARED,https://ordu.ktb.gov.tr/TR-397877/turk-mutfagi-haftasi-ordu-yoresel-yemekeler-27052025.html,OFFICIAL_INSTITUTIONAL,USDA_FOODDATA_COMPONENT_CALCULATION,CALCULATED,TAXONOMY_ONLY
TR,TR:LOCAL_DISH:PREPARED:pazi_borani:ordu,pazi_borani,ordu,Ordu Pazı Borani,Ordu Chard Borani,Pazı Borani,Chard Borani,VEGETABLE_DISH,Ordu,PREPARED,https://ordu.ktb.gov.tr/TR-397877/turk-mutfagi-haftasi-ordu-yoresel-yemekeler-27052025.html,OFFICIAL_INSTITUTIONAL,USDA_FOODDATA_COMPONENT_CALCULATION,CALCULATED,TAXONOMY_ONLY
TR,TR:LOCAL_DISH:PREPARED:gurcu_kavurmasi:classic,gurcu_kavurmasi,classic,Gürcü Kavurması,Gurcu Kavurma,Gürcü Kavurması,Gurcu Kavurma,MAIN_DISH,Ordu,PREPARED,https://ordu.ktb.gov.tr/TR-397877/turk-mutfagi-haftasi-ordu-yoresel-yemekeler-27052025.html,OFFICIAL_INSTITUTIONAL,USDA_FOODDATA_COMPONENT_CALCULATION,CALCULATED,TAXONOMY_ONLY
TR,TR:LOCAL_DISH:PREPARED:galdirik_kavurmasi:classic,galdirik_kavurmasi,classic,Galdirik Kavurması,Sauteed Galdirik,Galdirik Kavurması,Sauteed Galdirik,VEGETABLE_DISH,Ordu,PREPARED,https://ordu.ktb.gov.tr/TR-397877/turk-mutfagi-haftasi-ordu-yoresel-yemekeler-27052025.html,OFFICIAL_INSTITUTIONAL,USDA_FOODDATA_COMPONENT_CALCULATION,CALCULATED,TAXONOMY_ONLY
TR,TR:LOCAL_DISH:PREPARED:galdirik_yemegi:fasulyeli,galdirik_yemegi,fasulyeli,Fasulyeli Galdirik Yemeği,Galdirik with Beans,Fasulyeli Galdirik,Bean and Galdirik Stew,VEGETABLE_DISH,Ordu,PREPARED,https://ordu.ktb.gov.tr/TR-397877/turk-mutfagi-haftasi-ordu-yoresel-yemekeler-27052025.html,OFFICIAL_INSTITUTIONAL,USDA_FOODDATA_COMPONENT_CALCULATION,CALCULATED,TAXONOMY_ONLY
